<?xml version="1.0" encoding="UTF-8"?>
<sspaceex xmlns="http://www-verimag.imag.fr/xml-namespaces/sspaceex" version="0.2" math="SpaceEx">
  <component id="ball_template">
    <param name="x" type="real" local="false" d1="1" d2="1" dynamics="any" />
    <param name="v" type="real" local="false" d1="1" d2="1" dynamics="any" />
    <param name="u1" type="real" local="false" d1="1" d2="1" dynamics="any" controlled="false" />
    <param name="u2" type="real" local="false" d1="1" d2="1" dynamics="any" controlled="false" />
    <param name="c" type="real" local="false" d1="1" d2="1" dynamics="const" />
    <param name="eps" type="real" local="false" d1="1" d2="1" dynamics="const" />
    <param name="hop" type="label" local="false" />
    <location id="1" name="always" x="174.5" y="225.5" width="135.0" height="73.0">
      <invariant>x &gt;= -2*eps</invariant>
      <flow>x' == v + u1 &amp; v' == u2</flow>
    </location>
    <transition source="1" target="1">
      <label>hop</label>
      <guard>x &lt;= 0 &amp; x &gt;= -eps &amp; v &lt; -eps</guard>
      <assignment>v' := c*v</assignment>
      <labelposition x="-41.0" y="-69.0" />
    </transition>
  </component>
  <component id="sys">
    <param name="x" type="real" local="false" d1="1" d2="1" dynamics="any" controlled="true" />
    <param name="v" type="real" local="false" d1="1" d2="1" dynamics="any" controlled="true" />
    <param name="u1" type="real" local="false" d1="1" d2="1" dynamics="any" controlled="false" />
    <param name="u2" type="real" local="false" d1="1" d2="1" dynamics="any" controlled="false" />
    <param name="hop" type="label" local="false" />
    <bind component="ball_template" as="ball" x="238.0" y="106.0">
      <map key="x">x</map>
      <map key="v">v</map>
      <map key="u1">u1</map>
      <map key="u2">u2</map>
      <map key="c">-0.75</map>
      <map key="eps">1e-6</map>
      <map key="hop">hop</map>
    </bind>
  </component>
</sspaceex>

